type,uri,dc:identifier,collections,notation,prefLabel,altLabel,broader,broaderTransitive,broadMatch,changeNote,closeMatch,definition,editorialNote,exactMatch,example,hiddenLabel,historyNote,inScheme,mappingRelation,note,related,relatedMatch,scopeNote,semanticRelation,topConceptOf,seeAlso
skos:ConceptScheme,conceptscheme:boringtype,be.vlaanderen.bodemenondergrond.data.id.conceptscheme.boringtype,,,Codelijst boringtype.,,,,,,,"Beschrijving van de type boring.",,,,,,,,,,,,,,
skos:Concept,concept:archeologischonderzoek,be.vlaanderen.bodemenondergrond.data.id.concept.boringtype.archeologischonderzoek,,archeologischonderzoek,Boring voor archeologisch onderzoek,,,,,,,"Boring met als doel 'archeologisch onderzoek'. De boring wordt uitgevoerd door een boorbedrijf erkend voor boorwerkzaamheden volgens discipline D4 van de VLAREL-erkenning artikel 6, 7°, a) of valt onder bepaalde boorwerkzaamheden buiten het toepassingsgebied van deze disciplines.",,,,,,conceptscheme:boringtype,,,,,,,conceptscheme:boringtype,"https://data.bodemenondergrond.vlaanderen.be/doc/conceptscheme/erkenningstype"
skos:Concept,concept:berging,be.vlaanderen.bodemenondergrond.data.id.concept.boringtype.berging,,berging,Boring voor berging,,,,,,,"Boring met als doel 'berging' uitgevoerd voor onderzoek naar het vermogen van de ondergrond om diverse materialen op te slaan of voor de berging of veilige opslag van o.a. afval, gas, koolstofdioxide.",,,,,,conceptscheme:boringtype,,,,,,,conceptscheme:boringtype,
skos:Concept,concept:boringtot100mopslagkernafval,be.vlaanderen.bodemenondergrond.data.id.concept.boringtype.boringtot100mopslagkernafval,,boringtot100mopslagkernafval,Boring tot 100 meter in verband met opslag kernafval,,concept:berging,,,,,"Boring in verband met de opslag van kernafval (berging), tot een diepte van 100 meter ten opzichte van het maaiveld. De boring wordt uitgevoerd door een boorbedrijf erkend voor boorwerkzaamheden volgens disciplines D3 en D4 van de VLAREL-erkenning artikel 6, 7°, a) of valt onder bepaalde boorwerkzaamheden buiten het toepassingsgebied van deze disciplines.",,,,,,conceptscheme:boringtype,,,,,,,conceptscheme:boringtype,"https://data.bodemenondergrond.vlaanderen.be/doc/conceptscheme/erkenningstype"
skos:Concept,concept:boringvanaf100mopslagkernafval,be.vlaanderen.bodemenondergrond.data.id.concept.boringtype.boringvanaf100mopslagkernafval,,boringvanaf100mopslagkernafval,Boring vanaf 100 meter in verband met opslag kernafval,,concept:berging,,,,,"Boring in verband met de opslag van kernafval (berging), vanaf een diepte van 100 meter ten opzichte van het maaiveld. De boring wordt uitgevoerd door een boorbedrijf erkend voor boorwerkzaamheden volgens discipline D5 van de VLAREL-erkenning artikel 6, 7°, a) of valt onder bepaalde boorwerkzaamheden buiten het toepassingsgebied van deze disciplines.",,,,,,conceptscheme:boringtype,,,,,,,conceptscheme:boringtype,"https://navigator.emis.vito.be/detail?woId=70344&woLang=nl&version=(versie%202025-04-17)|https://data.bodemenondergrond.vlaanderen.be/doc/conceptscheme/erkenningstype"
skos:Concept,concept:boringvanaf500mopslagvergunningkoolstofdioxide,be.vlaanderen.bodemenondergrond.data.id.concept.boringtype.boringvanaf500mopslagvergunningkoolstofdioxide,,boringvanaf500mopslagvergunningkoolstofdioxide,Boring vanaf 500 meter i.h.k.v. een opslagvergunning voor koolstofdioxide,,concept:berging,,,,,"Boring vanaf een diepte van 500 meter ten opzichte van het maaiveld i.h.k.v. een opslagvergunning voor koolstofdioxide. De boring wordt uitgevoerd door een boorbedrijf erkend voor boorwerkzaamheden volgens discipline D5 van de VLAREL-erkenning artikel 6, 7°, a) of valt onder bepaalde boorwerkzaamheden buiten het toepassingsgebied van deze disciplines.",,,,,,conceptscheme:boringtype,,,,,,,conceptscheme:boringtype,"https://navigator.emis.vito.be/detail?woId=70343&woLang=nl&version=(versie%202025-04-17)|https://data.bodemenondergrond.vlaanderen.be/doc/conceptscheme/erkenningstype"
skos:Concept,concept:boringvanaf500mexploitatievergunninggasopslag,be.vlaanderen.bodemenondergrond.data.id.concept.boringtype.boringvanaf500mexploitatievergunninggasopslag,,boringvanaf500mexploitatievergunninggasopslag,Boring vanaf 500 meter i.h.k.v. een exploitatievergunning voor het opslaan van gas,,concept:berging,,,,,"Boring vanaf een diepte van 500 meter ten opzichte van het maaiveld in het kader van een exploitatievergunning van ondergrondse bergruimten in situ bestemd voor het opslaan van gas. De boring wordt uitgevoerd door een boorbedrijf erkend voor boorwerkzaamheden volgens discipline D5 van de VLAREL-erkenning artikel 6, 7°, a) of valt onder bepaalde boorwerkzaamheden buiten het toepassingsgebied van deze disciplines.",,,,,,conceptscheme:boringtype,,,,,,,conceptscheme:boringtype,"https://navigator.emis.vito.be/detail?woId=70343&woLang=nl&version=(versie%202025-04-17)|https://data.bodemenondergrond.vlaanderen.be/doc/conceptscheme/erkenningstype"
skos:Concept,concept:bodemkundigonderzoek,be.vlaanderen.bodemenondergrond.data.id.concept.boringtype.bodemkundigonderzoek,,bodemkundigonderzoek,Boring voor bodemkundig onderzoek,,,,,,,"Boring met als doel 'bodemkundig onderzoek'. De boring wordt uitgevoerd door een boorbedrijf erkend voor boorwerkzaamheden volgens discipline D4 van de VLAREL-erkenning artikel 6, 7°, a) of valt onder bepaalde boorwerkzaamheden buiten het toepassingsgebied van deze disciplines.",,,,,,conceptscheme:boringtype,,,,,,,conceptscheme:boringtype,"https://data.bodemenondergrond.vlaanderen.be/doc/conceptscheme/erkenningstype"
skos:Concept,concept:drainagebemaling,be.vlaanderen.bodemenondergrond.data.id.concept.boringtype.drainagebemaling,,drainagebemaling,Drainage en bemaling,,,,,,,"Boring met als doel 'drainage en bemaling' uitgevoerd voor het permanent of tijdelijk draineren of verwijderen van water.",,,,,,conceptscheme:boringtype,,,,,,,conceptscheme:boringtype,
skos:Concept,concept:bemaling,be.vlaanderen.bodemenondergrond.data.id.concept.boringtype.bemaling,,bemaling,Bemaling,,concept:drainagebemaling,,,,,"Boring voor de aanleg van een bemaling uitgevoerd voor het permanent of tijdelijk verwijderen van water.",,,,,,conceptscheme:boringtype,,,,,,,conceptscheme:boringtype,
skos:Concept,concept:bemalingpermanentexploitatieterreinen,be.vlaanderen.bodemenondergrond.data.id.concept.boringtype.bemalingpermanentexploitatieterreinen,,bemalingpermanentexploitatieterreinen,Bemaling - permanent - exploitatie van terreinen,,concept:bemaling,,,,,"Boring voor de aanleg van een permanente bronbemaling, met inbegrip van terugpompingen van onbehandeld en niet-verontreinigd grondwater in dezelfde watervoerende laag, die noodzakelijk is om het gebruik of de exploitatie van bedrijfsterreinen mogelijk te maken of te houden. De boring wordt uitgevoerd door een boorbedrijf erkend voor boorwerkzaamheden volgens discipline D1 van de VLAREL-erkenning artikel 6, 7°, a) of valt onder bepaalde boorwerkzaamheden buiten het toepassingsgebied van deze disciplines.",,,,,,conceptscheme:boringtype,,,,,,,conceptscheme:boringtype,"https://navigator.emis.vito.be/detail?woId=70324&woLang=nl%20(versie%20 2025-04-17)|https://data.bodemenondergrond.vlaanderen.be/doc/conceptscheme/erkenningstype"
skos:Concept,concept:bemalingpermanentexploitatiegebouwen,be.vlaanderen.bodemenondergrond.data.id.concept.boringtype.bemalingpermanentexploitatiegebouwen,,bemalingpermanentexploitatiegebouwen,Bemaling - permanent - exploitatie van gebouwen,,concept:bemaling,,,,,"Boring voor de aanleg van een permanente bronbemaling, met inbegrip van terugpompingen van onbehandeld en niet-verontreinigd grondwater in dezelfde watervoerende laag, die noodzakelijk is om het gebruik of de exploitatie van gebouwen mogelijk te maken of te houden. De boring wordt uitgevoerd door een boorbedrijf erkend voor boorwerkzaamheden volgens discipline D1 van de VLAREL-erkenning artikel 6, 7°, a) of valt onder bepaalde boorwerkzaamheden buiten het toepassingsgebied van deze disciplines.",,,,,,conceptscheme:boringtype,,,,,,,conceptscheme:boringtype,"https://navigator.emis.vito.be/detail?woId=70324&woLang=nl%20(versie%20 2025-04-17)|https://data.bodemenondergrond.vlaanderen.be/doc/conceptscheme/erkenningstype"
skos:Concept,concept:bemalingpermanentexploitatietunnels,be.vlaanderen.bodemenondergrond.data.id.concept.boringtype.bemalingpermanentexploitatietunnels,,bemalingpermanentexploitatietunnels,Bemaling - permanent - exploitatie van tunnels,,concept:bemaling,,,,,"Boring voor de aanleg van een permanente bronbemaling, met inbegrip van terugpompingen van onbehandeld en niet-verontreinigd grondwater in dezelfde watervoerende laag, die noodzakelijk is voor de exploitatie van tunnels voor openbare wegen of openbaar vervoer. De boring wordt uitgevoerd door een boorbedrijf erkend voor boorwerkzaamheden volgens discipline D1 van de VLAREL-erkenning artikel 6, 7°, a) of valt onder bepaalde boorwerkzaamheden buiten het toepassingsgebied van deze disciplines.",,,,,,conceptscheme:boringtype,,,,,,,conceptscheme:boringtype,"https://navigator.emis.vito.be/detail?woId=70324&woLang=nl&version=(versie%202025-04-17)|https://data.bodemenondergrond.vlaanderen.be/doc/conceptscheme/erkenningstype"
skos:Concept,concept:bemalingpermanentmijnverzakkingsgebieden,be.vlaanderen.bodemenondergrond.data.id.concept.boringtype.bemalingpermanentmijnverzakkingsgebieden,,bemalingpermanentmijnverzakkingsgebieden,Bemaling - permanent - waterbeheersing van mijnverzakkingsgebieden,,concept:bemaling,,,,,"Boring voor de aanleg van een permanente bronbemaling, met inbegrip van terugpompingen van onbehandeld en niet-verontreinigd grondwater in dezelfde watervoerende laag, die noodzakelijk is voor de waterbeheersing van mijnverzakkingsgebieden, ook als dat water wordt gebruikt voor de openbare watervoorziening. De boring wordt uitgevoerd door een boorbedrijf erkend voor boorwerkzaamheden volgens discipline D1 van de VLAREL-erkenning artikel 6, 7°, a) of valt onder bepaalde boorwerkzaamheden buiten het toepassingsgebied van deze disciplines.",,,,,,conceptscheme:boringtype,,,,,,,conceptscheme:boringtype,"https://navigator.emis.vito.be/detail?woId=70324&woLang=nl&version=(versie%202025-04-17)|https://data.bodemenondergrond.vlaanderen.be/doc/conceptscheme/erkenningstype"
skos:Concept,concept:bemalingtijdelijkrealisatiewerken,be.vlaanderen.bodemenondergrond.data.id.concept.boringtype.bemalingtijdelijkrealisatiewerken,,bemalingtijdelijkrealisatiewerken,Bemaling - tijdelijk - realisatie van werken,,concept:bemaling,,,,,"Boring voor de aanleg van een tijdelijke bemaling die technisch noodzakelijk is voor de verwezenlijking van werken met inbegrip van terug in de ondergrond brengen van bemalingswater in dezelfde watervoerende laag en het nuttige gebruik tot maximaal 5000 m³ bemalingswater per jaar. De boring wordt uitgevoerd door een boorbedrijf erkend voor boorwerkzaamheden volgens discipline D1 van de VLAREL-erkenning artikel 6, 7°, a) of valt onder bepaalde boorwerkzaamheden buiten het toepassingsgebied van deze disciplines.",,,,,,conceptscheme:boringtype,,,,,,,conceptscheme:boringtype,"https://navigator.emis.vito.be/detail?woId=70324&woLang=nl&version=(versie%202025-04-17)|https://data.bodemenondergrond.vlaanderen.be/doc/conceptscheme/erkenningstype"
skos:Concept,concept:bemalingtijdelijkrealisatienutsvoorzieningen,be.vlaanderen.bodemenondergrond.data.id.concept.boringtype.bemalingtijdelijkrealisatienutsvoorzieningen,,bemalingtijdelijkrealisatienutsvoorzieningen,Bemaling - tijdelijk - realisatie van nutsvoorzieningen,,concept:bemaling,,,,,"Boring voor de aanleg van een tijdelijke bemaling die technisch noodzakelijk is voor de aanleg van nutsvoorzieningen,  met inbegrip van terug in de ondergrond brengen van bemalingswater in dezelfde watervoerende laag en het nuttige gebruik tot maximaal 5000 m³ bemalingswater per jaar. De boring wordt uitgevoerd door een boorbedrijf erkend voor boorwerkzaamheden volgens discipline D1 van de VLAREL-erkenning artikel 6, 7°, a) of valt onder bepaalde boorwerkzaamheden buiten het toepassingsgebied van deze disciplines.",,,,,,conceptscheme:boringtype,,,,,,,conceptscheme:boringtype,"https://navigator.emis.vito.be/detail?woId=70324&woLang=nl&version=(versie%202025-04-17)|https://data.bodemenondergrond.vlaanderen.be/doc/conceptscheme/erkenningstype"
skos:Concept,concept:bemalingbodemsaneringgrondwaterverlaging,be.vlaanderen.bodemenondergrond.data.id.concept.boringtype.bemalingbodemsaneringgrondwaterverlaging,,bemalingbodemsaneringgrondwaterverlaging,Bemaling i.h.k.v. bodemsanering - grondwaterverlaging,,concept:bemaling,,,,,"Boring voor de aanleg van een bemaling in het kader van grondwaterverlaging in een bodemsaneringsproject (BSP). De boring wordt uitgevoerd door een boorbedrijf erkend voor boorwerkzaamheden volgens discipline D1 van de VLAREL-erkenning artikel 6, 7°, a) of valt onder bepaalde boorwerkzaamheden buiten het toepassingsgebied van deze disciplines.",,,,,,conceptscheme:boringtype,,,,,,,conceptscheme:boringtype,
skos:Concept,concept:drainage,be.vlaanderen.bodemenondergrond.data.id.concept.boringtype.drainage,,drainage,Drainage,,concept:drainagebemaling,,,,,"Boring voor de aanleg van een drainage uitgevoerd voor het permanent of tijdelijk draineren van water.",,,,,,conceptscheme:boringtype,,,,,,,conceptscheme:boringtype,
skos:Concept,concept:exploitatiediepegeothermie,be.vlaanderen.bodemenondergrond.data.id.concept.boringtype.exploitatiediepegeothermie,,exploitatiediepegeothermie,Boring voor exploitatie van warmte voor gebruik in diepe geothermie,,,,,,,"Boring met als doel 'exploitatie diepe geothermie' uitgevoerd voor de exploitatie of winning van warmte voor gebruik in diepe geothermie.",,,,,,conceptscheme:boringtype,,,,,,,conceptscheme:boringtype,
skos:Concept,concept:boringvanaf500mwinningsvergunningaardwarmte,be.vlaanderen.bodemenondergrond.data.id.concept.boringtype.boringvanaf500mwinningsvergunningaardwarmte,,boringvanaf500mwinningsvergunningaardwarmte,Boring vanaf 500 meter i.h.k.v. een winningsvergunning voor aardwarmte,,concept:exploitatiediepegeothermie,,,,,"Boring vanaf een diepte van 500 meter ten opzichte van het maaiveld i.h.k.v. een winningsvergunning voor aardwarmte. De boring wordt uitgevoerd door een boorbedrijf erkend voor boorwerkzaamheden volgens discipline D5 van de VLAREL-erkenning artikel 6, 7°, a) of valt onder bepaalde boorwerkzaamheden buiten het toepassingsgebied van deze disciplines.",,,,,,conceptscheme:boringtype,,,,,,,conceptscheme:boringtype,"https://navigator.emis.vito.be/detail?woId=70343&woLang=nl&version=(versie%202025-04-17)|https://data.bodemenondergrond.vlaanderen.be/doc/conceptscheme/erkenningstype"
skos:Concept,concept:exploitatieenergiebronnen,be.vlaanderen.bodemenondergrond.data.id.concept.boringtype.exploitatieenergiebronnen,,exploitatieenergiebronnen,Boring voor exploitatie van energiebronnen,,,,,,,"Boring met als doel 'exploitatie energiebronnen' uitgevoerd voor de exploitatie of winning van energiebronnen.",,,,,,conceptscheme:boringtype,,,,,,,conceptscheme:boringtype,"https://navigator.emis.vito.be/detail?woId=70343&woLang=nl&version=(versie%202025-04-17)|https://data.bodemenondergrond.vlaanderen.be/doc/conceptscheme/erkenningstype"
skos:Concept,concept:boringvanaf500mwinningsvergunningkoolwaterstoffen,be.vlaanderen.bodemenondergrond.data.id.concept.boringtype.boringvanaf500mwinningsvergunningkoolwaterstoffen,,boringvanaf500mwinningsvergunningkoolwaterstoffen,Boring vanaf 500 meter i.h.k.v. een winningsvergunning voor koolwaterstoffen,,concept:exploitatieenergiebronnen,,,,,"Boring vanaf een diepte van 500 meter ten opzichte van het maaiveld i.h.k.v. een winningsvergunning voor koolwaterstoffen.",,,,,,conceptscheme:boringtype,,,,,,,conceptscheme:boringtype,"https://navigator.emis.vito.be/detail?woId=70343&woLang=nl&version=(versie%202025-04-17)|https://data.bodemenondergrond.vlaanderen.be/doc/conceptscheme/erkenningstype"
skos:Concept,concept:exploratiediepegeothermie,be.vlaanderen.bodemenondergrond.data.id.concept.boringtype.exploratiediepegeothermie,,exploratiediepegeothermie,Boring voor exploratie van warmte voor gebruik in diepe geothermie,,,,,,,"Boring met als doel 'exploratie diepe geothermie' voor onderzoek naar de beschikbaarheid van warmte voor gebruik in diepe geothermie.",,,,,,conceptscheme:boringtype,,,,,,,conceptscheme:boringtype,
skos:Concept,concept:boringvanaf500mopsporingsvergunningaardwarmte,be.vlaanderen.bodemenondergrond.data.id.concept.boringtype.boringvanaf500mopsporingsvergunningaardwarmte,,boringvanaf500mopsporingsvergunningaardwarmte,Boring vanaf 500 meter i.h.k.v. een opsporingsvergunning voor aardwarmte,,concept:exploratiediepegeothermie,,,,,"Boring vanaf een diepte van 500 meter ten opzichte van het maaiveld i.h.k.v. een opsporingsvergunning voor aardwarmte. De boring wordt uitgevoerd door een boorbedrijf erkend voor boorwerkzaamheden volgens disciplines D2 en D5 van de VLAREL-erkenning artikel 6, 7°, a) of valt onder bepaalde boorwerkzaamheden buiten het toepassingsgebied van deze disciplines.",,,,,,conceptscheme:boringtype,,,,,,,conceptscheme:boringtype,"https://navigator.emis.vito.be/detail?woId=70343&woLang=nl&version=(versie%202025-04-17)|https://data.bodemenondergrond.vlaanderen.be/doc/conceptscheme/erkenningstype"
skos:Concept,concept:exploratieenergiebronnen,be.vlaanderen.bodemenondergrond.data.id.concept.boringtype.exploratieenergiebronnen,,exploratieenergiebronnen,Boring voor exploratie van energiebronnen,,,,,,,"Boring met als doel 'exploratie energiebronnen' uitgevoerd voor onderzoek naar de beschikbaarheid van energie bronnen.",,,,,,conceptscheme:boringtype,,,,,,,conceptscheme:boringtype,
skos:Concept,concept:boringvanaf500mopsporingsvergunningkoolwaterstoffen,be.vlaanderen.bodemenondergrond.data.id.concept.boringtype.boringvanaf500mopsporingsvergunningkoolwaterstoffen,,boringvanaf500mopsporingsvergunningkoolwaterstoffen,Boring vanaf 500 meter i.h.k.v. een opsporingsvergunning voor koolwaterstoffen,,concept:exploratieenergiebronnen,,,,,"Boring vanaf een diepte van 500 meter ten opzichte van het maaiveld i.h.k.v. een opsporingsvergunning voor koolwaterstoffen. De boring wordt uitgevoerd door een boorbedrijf erkend voor boorwerkzaamheden volgens discipline D5 van de VLAREL-erkenning artikel 6, 7°, a) of valt onder bepaalde boorwerkzaamheden buiten het toepassingsgebied van deze disciplines.",,,,,,conceptscheme:boringtype,,,,,,,conceptscheme:boringtype,"https://navigator.emis.vito.be/detail?woId=70343&woLang=nl&version=(versie%202025-04-17)|https://data.bodemenondergrond.vlaanderen.be/doc/conceptscheme/erkenningstype"
skos:Concept,concept:exploratiemineralebronnen,be.vlaanderen.bodemenondergrond.data.id.concept.boringtype.exploratiemineralebronnen,,exploratiemineralebronnen,Boring voor exploratie van minerale bronnen,,,,,,,"Boring met als doel 'exploratie minerale bronnen' uitgevoerd voor onderzoek naar de beschikbaarheid van minerale bronnen.",,,,,,conceptscheme:boringtype,,,,,,,conceptscheme:boringtype,
skos:Concept,concept:prospectiedelfstoffen,be.vlaanderen.bodemenondergrond.data.id.concept.boringtype.prospectiedelfstoffen,,prospectiedelfstoffen,Boring voor verkennend onderzoek naar de prospectie van delfstoffen,,concept:exploratiemineralebronnen,,,,,"Boring voor verkennend onderzoek voor de prospectie naar delfstoffen. De boring wordt uitgevoerd door een boorbedrijf erkend voor boorwerkzaamheden volgens discipline D4 van de VLAREL-erkenning artikel 6, 7°, a) of valt onder bepaalde boorwerkzaamheden buiten het toepassingsgebied van deze disciplines.",,,,,,conceptscheme:boringtype,,,,,,,conceptscheme:boringtype,"https://data.bodemenondergrond.vlaanderen.be/doc/conceptscheme/erkenningstype"
skos:Concept,concept:exploitatiemineralebronnen,be.vlaanderen.bodemenondergrond.data.id.concept.boringtype.exploitatiemineralebronnen,,exploitatiemineralebronnen,Boring voor exploitatie van minerale bronnen,,,,,,,"Boring met als doel 'exploitatie minerale bronnen' uitgevoerd voor de exploitatie of winning van minerale bronnen.",,,,,,conceptscheme:boringtype,,,,,,,conceptscheme:boringtype,
skos:Concept,concept:exploratieondergrondseopslag,be.vlaanderen.bodemenondergrond.data.id.concept.boringtype.exploratieondergrondseopslag,,exploratieondergrondseopslag,Boring voor exploratie van ondergrondse opslag,,,,,,,"Boring met als doel 'exploratie ondergrondse opslag'.",,,,,,conceptscheme:boringtype,,,,,,,conceptscheme:boringtype,
skos:Concept,concept:boringvanaf500mopsporingsvergunningkoolstofdioxideopslag,be.vlaanderen.bodemenondergrond.data.id.concept.boringtype.boringvanaf500mopsporingsvergunningkoolstofdioxideopslag,,boringvanaf500mopsporingsvergunningkoolstofdioxideopslag,Boring vanaf 500 meter i.h.k.v. een opsporingsvergunning voor koolstofdioxideopslag,,concept:exploratieondergrondseopslag,,,,,"Boring vanaf een diepte van 500 meter ten opzichte van het maaiveld i.h.k.v. een opsporingsvergunning voor koolstofdioxideopslag. De boring wordt uitgevoerd door een boorbedrijf erkend voor boorwerkzaamheden volgens discipline D5 van de VLAREL-erkenning artikel 6, 7°, a) of valt onder bepaalde boorwerkzaamheden buiten het toepassingsgebied van deze disciplines.",,,,,,conceptscheme:boringtype,,,,,,,conceptscheme:boringtype,"https://navigator.emis.vito.be/detail?woId=70343&woLang=nl&version=(versie%202025-04-17)|https://data.bodemenondergrond.vlaanderen.be/doc/conceptscheme/erkenningstype"
skos:Concept,concept:boringvanaf500mopsporingsvergunninggasopslag,be.vlaanderen.bodemenondergrond.data.id.concept.boringtype.boringvanaf500mopsporingsvergunninggasopslag,,boringvanaf500mopsporingsvergunninggasopslag,Boring vanaf 500 meter i.h.k.v. een opsporingsvergunning voor het opslaan van gas,,concept:exploratieondergrondseopslag,,,,,"Boring vanaf een diepte van 500 meter ten opzichte van het maaiveld in het kader van een opsporingsvergunning van ondergrondse bergruimten in situ bestemd voor het opslaan van gas. De boring wordt uitgevoerd door een boorbedrijf erkend voor boorwerkzaamheden volgens discipline D5 van de VLAREL-erkenning artikel 6, 7°, a) of valt onder bepaalde boorwerkzaamheden buiten het toepassingsgebied van deze disciplines.",,,,,,conceptscheme:boringtype,,,,,,,conceptscheme:boringtype,"https://navigator.emis.vito.be/detail?woId=70343&woLang=nl&version=(versie%202025-04-17)|https://data.bodemenondergrond.vlaanderen.be/doc/conceptscheme/erkenningstype"
skos:Concept,concept:geochemischonderzoek,be.vlaanderen.bodemenondergrond.data.id.concept.boringtype.geochemischonderzoek,,geochemischonderzoek,Boring voor geochemisch onderzoek,,,,,,,"Boring met als doel 'geochemisch onderzoek' naar de geochemische eigenschappen van de (onder)grond en of van porositeitsvloeistoffen.",,,,,,conceptscheme:boringtype,,,,,,,conceptscheme:boringtype,
skos:Concept,concept:verkennendgeochemischonderzoek,be.vlaanderen.bodemenondergrond.data.id.concept.boringtype.verkennendgeochemischonderzoek,,verkennendgeochemischonderzoek,Boring voor verkennend geochemisch onderzoek,,concept:geochemischonderzoek,,,,,"Boring voor verkennend geochemisch onderzoek. De boring wordt uitgevoerd door een boorbedrijf erkend voor boorwerkzaamheden volgens discipline D4 van de VLAREL-erkenning artikel 6, 7°, a) of valt onder bepaalde boorwerkzaamheden buiten het toepassingsgebied van deze disciplines.",,,,,,conceptscheme:boringtype,,,,,,,conceptscheme:boringtype,"https://data.bodemenondergrond.vlaanderen.be/doc/conceptscheme/erkenningstype"
skos:Concept,concept:certificaatvanherkomst,be.vlaanderen.bodemenondergrond.data.id.concept.boringtype.certificaatvanherkomst,,certificaatvanherkomst,Boring i.h.k.v. certificaat van herkomst,,concept:geochemischonderzoek,,,,,"Boring voor geochemisch onderzoek in het kader van certificaat van herkomst. De boring wordt uitgevoerd door een boorbedrijf erkend voor boorwerkzaamheden volgens disciplines D4 en D5 van de VLAREL-erkenning artikel 6, 7°, a) of valt onder bepaalde boorwerkzaamheden buiten het toepassingsgebied van deze disciplines.",,,,,,conceptscheme:boringtype,,,,,,,conceptscheme:boringtype,"https://data.bodemenondergrond.vlaanderen.be/doc/conceptscheme/erkenningstype"
skos:Concept,concept:geofysischonderzoek,be.vlaanderen.bodemenondergrond.data.id.concept.boringtype.geofysischonderzoek,,geofysischonderzoek,Boring voor geofysisch onderzoek,,,,,,,"Boring met als doel 'geofysisch onderzoek' naar de geofysische eigenschappen van de (onder)grond.",,,,,,conceptscheme:boringtype,,,,,,,conceptscheme:boringtype,
skos:Concept,concept:verkennendgeofysischonderzoek,be.vlaanderen.bodemenondergrond.data.id.concept.boringtype.verkennendgeofysischonderzoek,,verkennendgeofysischonderzoek,Boring voor verkennend geofysisch onderzoek,,concept:geofysischonderzoek,,,,,"Boring voor verkennend geofysich onderzoek. De boring wordt uitgevoerd door een boorbedrijf erkend voor boorwerkzaamheden volgens discipline D4 van de VLAREL-erkenning artikel 6, 7°, a) of valt onder bepaalde boorwerkzaamheden buiten het toepassingsgebied van deze disciplines.",,,,,,conceptscheme:boringtype,,,,,,,conceptscheme:boringtype,"https://data.bodemenondergrond.vlaanderen.be/doc/conceptscheme/erkenningstype"
skos:Concept,concept:seismischonderzoek,be.vlaanderen.bodemenondergrond.data.id.concept.boringtype.seismischonderzoek,,seismischonderzoek,Boring voor inbouw van een seismometer,,concept:geofysischonderzoek,,,,,"Boring met inbouw van een seismometer voor geofysisch onderzoek. De boring wordt uitgevoerd door een boorbedrijf erkend voor boorwerkzaamheden volgens discipline D4 van de VLAREL-erkenning artikel 6, 7°, a) of valt onder bepaalde boorwerkzaamheden buiten het toepassingsgebied van deze disciplines.",,,,,,conceptscheme:boringtype,,,,,,,conceptscheme:boringtype,"https://data.bodemenondergrond.vlaanderen.be/doc/conceptscheme/erkenningstype"
skos:Concept,concept:geologischonderzoek,be.vlaanderen.bodemenondergrond.data.id.concept.boringtype.geologischonderzoek,,geologischonderzoek,Boring voor geologisch onderzoek,,,,,,,"Boring met als doel 'geologisch onderzoek' naar de geologische opbouw van de (onder)grond.",,,,,,conceptscheme:boringtype,,,,,,,conceptscheme:boringtype,
skos:Concept,concept:verkennendgeologischonderzoek,be.vlaanderen.bodemenondergrond.data.id.concept.boringtype.verkennendgeologischonderzoek,,verkennendgeologischonderzoek,Boring voor inbouw van een seismometer,,concept:geologischonderzoek,,,,,"Boring voor verkennend geologisch onderzoek. De boring wordt uitgevoerd door een boorbedrijf erkend voor boorwerkzaamheden volgens discipline D4 van de VLAREL-erkenning artikel 6, 7°, a) of valt onder bepaalde boorwerkzaamheden buiten het toepassingsgebied van deze disciplines.",,,,,,conceptscheme:boringtype,,,,,,,conceptscheme:boringtype,"https://data.bodemenondergrond.vlaanderen.be/doc/conceptscheme/erkenningstype"
skos:Concept,concept:boringvanaf500mverkennendonderzoek,be.vlaanderen.bodemenondergrond.data.id.concept.boringtype.boringvanaf500mverkennendonderzoek,,boringvanaf500mverkennendonderzoek,Boring vanaf 500 meter louter voor verkennend en wetenschappelijk onderzoek,,concept:geologischonderzoek,,,,,"Boring vanaf een diepte van 500 meter ten opzichte van het maaiveld louter voor verkennend en wetenschappelijk geologisch onderzoek. De boring wordt uitgevoerd door een boorbedrijf erkend voor boorwerkzaamheden volgens discipline D5 van de VLAREL-erkenning artikel 6, 7°, a) of valt onder bepaalde boorwerkzaamheden buiten het toepassingsgebied van deze disciplines.",,,,,,conceptscheme:boringtype,,,,,,,conceptscheme:boringtype,"https://navigator.emis.vito.be/detail?woId=70343&woLang=nl&version=(versie%202025-04-17)|https://data.bodemenondergrond.vlaanderen.be/doc/conceptscheme/erkenningstype"
skos:Concept,concept:geologischonderzoekhistorisch,be.vlaanderen.bodemenondergrond.data.id.concept.boringtype.geologischonderzoekhistorisch,,geologischonderzoekhistorisch,Historische geologische boring,,concept:geologischonderzoek,,,,,"Boring voor ingave van historisch geologisch onderzoek.",,,,,,conceptscheme:boringtype,,,,,,,conceptscheme:boringtype,
skos:Concept,concept:geotechnischonderzoek,be.vlaanderen.bodemenondergrond.data.id.concept.boringtype.geotechnischonderzoek,,geotechnischonderzoek,Geotechnische boring,Geotechnisch onderzoek,,,,,,"Boring met als doel 'geotechnisch onderzoek' naar de fysische en mechanische eigenschappen en de stabiliteit van de ondergrond gerelateerd aan bouw- en infrastructuurwerken.",,,,,,conceptscheme:boringtype,,,,,,,conceptscheme:boringtype,"https://navigator.emis.vito.be/detail?woId=70341&woLang=nl&version=(versie%202025-04-17)|https://data.bodemenondergrond.vlaanderen.be/doc/conceptscheme/erkenningstype"
skos:Concept,concept:geotechnischeboringmonstername,be.vlaanderen.bodemenondergrond.data.id.concept.boringtype.geotechnischeboringmonstername,,geotechnischeboringmonstername,Geotechnische boring - (dis)continue monstername,,concept:geotechnischonderzoek,,,,,"Boring met monstername voor geotechnisch onderzoek naar de fysische en mechanische eigenschappen en stabiliteit van de grond. De boring wordt uitgevoerd door een boorbedrijf erkend voor boorwerkzaamheden volgens discipline D3 van de VLAREL-erkenning artikel 6, 7°, a) of valt onder bepaalde boorwerkzaamheden buiten het toepassingsgebied van deze disciplines.",,,,,,conceptscheme:boringtype,,,,,,,conceptscheme:boringtype,"https://data.bodemenondergrond.vlaanderen.be/doc/conceptscheme/erkenningstype"
skos:Concept,concept:geotechnischeboringpeilfilter,be.vlaanderen.bodemenondergrond.data.id.concept.boringtype.geotechnischeboringpeilfilter,,geotechnischeboringpeilfilter,Geotechnische boring - peilfilters,,concept:geotechnischonderzoek,,,,,"Boring met het plaatsen van peilfilters voor geotechnisch onderzoek naar de fysische en mechanische eigenschappen en stabiliteit van de grond. De boring wordt uitgevoerd door een boorbedrijf erkend voor boorwerkzaamheden volgens discipline D3 van de VLAREL-erkenning artikel 6, 7°, a) of valt onder bepaalde boorwerkzaamheden buiten het toepassingsgebied van deze disciplines.",,,,,,conceptscheme:boringtype,,,,,,,conceptscheme:boringtype,"https://data.bodemenondergrond.vlaanderen.be/doc/conceptscheme/erkenningstype"
skos:Concept,concept:geotechnischeboringwaterspanningsmeter,be.vlaanderen.bodemenondergrond.data.id.concept.boringtype.geotechnischeboringwaterspanningsmeter,,geotechnischeboringwaterspanningsmeter,Geotechnische boring - waterspanningsmeters,,concept:geotechnischonderzoek,,,,,"Boring met het plaatsen van waterspanningsmeters voor geotechnisch onderzoek naar de fysische en mechanische eigenschappen en stabiliteit van de grond. De boring wordt uitgevoerd door een boorbedrijf erkend voor boorwerkzaamheden volgens discipline D3 van de VLAREL-erkenning artikel 6, 7°, a) of valt onder bepaalde boorwerkzaamheden buiten het toepassingsgebied van deze disciplines.",,,,,,conceptscheme:boringtype,,,,,,,conceptscheme:boringtype,"https://data.bodemenondergrond.vlaanderen.be/doc/conceptscheme/erkenningstype"
skos:Concept,concept:geotechnischeboringgronddrukmeter,be.vlaanderen.bodemenondergrond.data.id.concept.boringtype.geotechnischeboringgronddrukmeter,,geotechnischeboringgronddrukmeter,Geotechnische boring - gronddrukmeters,,concept:geotechnischonderzoek,,,,,"Boring met het plaatsen van gronddrukmeters voor geotechnisch onderzoek naar de fysische en mechanische eigenschappen en stabiliteit van de grond. De boring wordt uitgevoerd door een boorbedrijf erkend voor boorwerkzaamheden volgens discipline D3 van de VLAREL-erkenning artikel 6, 7°, a) of valt onder bepaalde boorwerkzaamheden buiten het toepassingsgebied van deze disciplines.",,,,,,conceptscheme:boringtype,,,,,,,conceptscheme:boringtype,"https://data.bodemenondergrond.vlaanderen.be/doc/conceptscheme/erkenningstype"
skos:Concept,concept:geotechnischeboringinclinometer,be.vlaanderen.bodemenondergrond.data.id.concept.boringtype.geotechnischeboringinclinometer,,geotechnischeboringinclinometer,Geotechnische boring - inclinometers,,concept:geotechnischonderzoek,,,,,"Boring met het plaatsen van inclinometers voor geotechnisch onderzoek naar de fysische en mechanische eigenschappen en stabiliteit van de grond. De boring wordt uitgevoerd door een boorbedrijf erkend voor boorwerkzaamheden volgens discipline D3 van de VLAREL-erkenning artikel 6, 7°, a) of valt onder bepaalde boorwerkzaamheden buiten het toepassingsgebied van deze disciplines.",,,,,,conceptscheme:boringtype,,,,,,,conceptscheme:boringtype,"https://data.bodemenondergrond.vlaanderen.be/doc/conceptscheme/erkenningstype"
skos:Concept,concept:geotechnischeboringextensometer,be.vlaanderen.bodemenondergrond.data.id.concept.boringtype.geotechnischeboringextensometer,,geotechnischeboringextensometer,Geotechnische boring - extensometers,,concept:geotechnischonderzoek,,,,,"Boring met het plaatsen van extensometers voor geotechnisch onderzoek naar de fysische en mechanische eigenschappen en stabiliteit van de grond. De boring wordt uitgevoerd door een boorbedrijf erkend voor boorwerkzaamheden volgens discipline D3 van de VLAREL-erkenning artikel 6, 7°, a) of valt onder bepaalde boorwerkzaamheden buiten het toepassingsgebied van deze disciplines.",,,,,,conceptscheme:boringtype,,,,,,,conceptscheme:boringtype,"https://data.bodemenondergrond.vlaanderen.be/doc/conceptscheme/erkenningstype"
skos:Concept,concept:geotechnischeboringanderinstrument,be.vlaanderen.bodemenondergrond.data.id.concept.boringtype.geotechnischeboringanderinstrument,,geotechnischeboringanderinstrument,Geotechnische boring - ander instrumentarium,,concept:geotechnischonderzoek,,,,,"Boring met het plaatsen van een instrument anders dan een peilfilter, waterspanningsmeter, gronddrukmeter, inclinometer of extensometer voor geotechnisch onderzoek naar de fysische en mechanische eigenschappen en stabiliteit van de grond. De boring wordt uitgevoerd door een boorbedrijf erkend voor boorwerkzaamheden volgens discipline D3 van de VLAREL-erkenning artikel 6, 7°, a) of valt onder bepaalde boorwerkzaamheden buiten het toepassingsgebied van deze disciplines.",,,,,,conceptscheme:boringtype,,,,,,,conceptscheme:boringtype,"https://data.bodemenondergrond.vlaanderen.be/doc/conceptscheme/erkenningstype"
skos:Concept,concept:geothermie,be.vlaanderen.bodemenondergrond.data.id.concept.boringtype.geothermie,,geothermie,Boring voor warmteopslag voor gebruik in (ondiepe) geothermie,,,,,,,"Boring met als doel 'geothermie' uitgevoerd voor ondiepe geothemische energie opslag in een boorgat (BEO, bodemlus, BTES) of voor koude-warmteopslag (KWO, WKO, ATES).",,,,,,conceptscheme:boringtype,,,,,,,conceptscheme:boringtype,
skos:Concept,concept:grondwaterwinningkoudewarmteopslag,be.vlaanderen.bodemenondergrond.data.id.concept.boringtype.grondwaterwinningkoudewarmteopslag,,grondwaterwinningkoudewarmteopslag,"Boring voor koude-warmteopslag (KWO, WKO, ATES)",,concept:geothermie,,,,,"Boring voor de aanleg van grondwaterwinningsputten en grondwaterwinningen die gebruikt worden voor thermische energieopslag in watervoerende lagen (inclusief KWO: koude- en warmte opslag, WKO: warmte koude opslag, ATES: aquifer thermal energie storage) met inbegrip van terugpompingen.  De boring wordt uitgevoerd door een boorbedrijf erkend voor boorwerkzaamheden volgens discipline D2 van de VLAREL-erkenning artikel 6, 7°, a) of valt onder bepaalde boorwerkzaamheden buiten het toepassingsgebied van deze disciplines.",,,,,,conceptscheme:boringtype,,,,,,,conceptscheme:boringtype,"https://navigator.emis.vito.be/detail?woId=70341&woLang=nl&version=(versie%202025-04-17)|https://data.bodemenondergrond.vlaanderen.be/doc/conceptscheme/erkenningstype"
skos:Concept,concept:thermischeenergieopslag,be.vlaanderen.bodemenondergrond.data.id.concept.boringtype.thermischeenergieopslag,,thermischeenergieopslag,"Boring voor thermische energieopslag in boorgat (BEO, bodemlus, BTES)",,concept:geothermie,,,,,"Boring in het kader van thermische energieopslag in boorgaten. Voorbeelden zijn boorgat energieopslag (BEO), geothermische opslag per boorgat (BTES) of bodemlus. De boring wordt uitgevoerd door een boorbedrijf erkend voor boorwerkzaamheden volgens discipline D4 van de VLAREL-erkenning artikel 6, 7°, a) of valt onder bepaalde boorwerkzaamheden buiten het toepassingsgebied van deze disciplines.",,,,,,conceptscheme:boringtype,,,,,,,conceptscheme:boringtype,"https://navigator.emis.vito.be/detail?woId=70341&woLang=nl&version=(versie%202025-04-17)|https://data.bodemenondergrond.vlaanderen.be/doc/conceptscheme/erkenningstype"
skos:Concept,concept:grondverzet,be.vlaanderen.bodemenondergrond.data.id.concept.boringtype.grondverzet,,grondverzet,Boring i.h.k.v. grondverzet,,,,,,,"Boring uitgevoerd i.h.k.v. grondverzet regelgeving.",,,,,,conceptscheme:boringtype,,,,,,,conceptscheme:boringtype,
skos:Concept,concept:grondverzetpeilput,be.vlaanderen.bodemenondergrond.data.id.concept.boringtype.grondverzetpeilput,,grondverzetpeilput,Boring i.h.k.v. grondverzet voor de aanleg van een peilput,,concept:grondverzet,,,,,"Boring i.h.k.v. grondverzet voor de aanleg van een peilput.	",,,,,,conceptscheme:boringtype,,,,,,,conceptscheme:boringtype,
skos:Concept,concept:grondwatermonitoring,be.vlaanderen.bodemenondergrond.data.id.concept.boringtype.grondwatermonitoring,,grondwatermonitoring,Boring voor het monitoren van grondwater,,,,,,,"Boring met als doel 'grondwatermonitoring' uitgevoerd voor de monitoring van de kwaliteit en/of kwantiteit van het grondwater.",,,,,,conceptscheme:boringtype,,,,,,,conceptscheme:boringtype,
skos:Concept,concept:aanlegpeilput,be.vlaanderen.bodemenondergrond.data.id.concept.boringtype.aanlegpeilput,,aanlegpeilput,Boring voor de aanleg van een peilput,,concept:grondwatermonitoring,,,,,"Boring voor de aanleg van een peilput.",,,,,,conceptscheme:boringtype,,,,,,,conceptscheme:boringtype,
skos:Concept,concept:aanlegpeilputinrichting,be.vlaanderen.bodemenondergrond.data.id.concept.boringtype.aanlegpeilputinrichting,,aanlegpeilputinrichting,Boring voor aanleg van een peilput i.h.k.v. milieuvoorwaarden voor de exploitatie van een inrichting,,concept:grondwatermonitoring,,,,,"Boring voor de aanleg van peilputten ter naleving van de milieuvoorwaarden voor de exploitatie van inrichtingen.",,,,,,conceptscheme:boringtype,,,,,,,conceptscheme:boringtype,"https://navigator.emis.vito.be/detail?woId=70341&woLang=nl&version=(versie%202025-04-17)|https://data.bodemenondergrond.vlaanderen.be/doc/conceptscheme/erkenningstype"
skos:Concept,concept:aanlegpeilputanalyses,be.vlaanderen.bodemenondergrond.data.id.concept.boringtype.aanlegpeilputanalyses,,aanlegpeilputanalyses,Boring voor aanleg van een peilput i.h.k.v. bodem- en grondwateranalyses,,concept:grondwatermonitoring,,,,,"Boringen voor de aanleg van peilputten in het kader van bodem- en grondwateranalyses.",,,,,,conceptscheme:boringtype,,,,,,,conceptscheme:boringtype,"https://navigator.emis.vito.be/detail?woId=70341&woLang=nl&version=(versie%202025-04-17)|https://data.bodemenondergrond.vlaanderen.be/doc/conceptscheme/erkenningstype"
skos:Concept,concept:grondwaterwinning,be.vlaanderen.bodemenondergrond.data.id.concept.boringtype.grondwaterwinning,,grondwaterwinning,Boring i.h.k.v. een grondwaterwinning,,,,,,,"Boring met als doel 'grondwaterwinning' uitgevoerd voor winning van grondwater ten behoeve van watervoorziening.",,,,,,conceptscheme:boringtype,,,,,,,conceptscheme:boringtype,
skos:Concept,concept:grondwaterwinningbedrijfsgebondentoepassing,be.vlaanderen.bodemenondergrond.data.id.concept.boringtype.grondwaterwinningbedrijfsgebondentoepassing,,grondwaterwinningbedrijfsgebondentoepassing,Boring i.h.k.v. een grondwaterwinning voor bedrijfsgebonden toepassingen,,concept:grondwaterwinning,,,,,"Boring voor de aanleg van  grondwaterwinningsputten en grondwaterwinning  voor bedrijfsgebonden toepassingen. De boring wordt uitgevoerd door een boorbedrijf erkend voor boorwerkzaamheden volgens discipline D2 van de VLAREL-erkenning artikel 6, 7°, a) of valt onder bepaalde boorwerkzaamheden buiten het toepassingsgebied van deze disciplines.",,,,,,conceptscheme:boringtype,,,,,,,conceptscheme:boringtype,"https://navigator.emis.vito.be/detail?woId=70324&woLang=nl&version=(versie%202025-04-17)|https://data.bodemenondergrond.vlaanderen.be/doc/conceptscheme/erkenningstype"
skos:Concept,concept:grondwaterwinninghuishoudtoepassing,be.vlaanderen.bodemenondergrond.data.id.concept.boringtype.grondwaterwinninghuishoudtoepassing,,grondwaterwinninghuishoudtoepassing,Boring i.h.k.v. een grondwaterwinning voor huishoudelijke toepassingen,,concept:grondwaterwinning,,,,,"Boring voor de aanleg van een grondwaterwinning tot maximaal 500 m³ per jaar, waarvan het water uitsluitend voor huishoudelijke doeleinden wordt gebruikt. De boring wordt uitgevoerd door een boorbedrijf erkend voor boorwerkzaamheden volgens discipline D2 van de VLAREL-erkenning artikel 6, 7°, a) of valt onder bepaalde boorwerkzaamheden buiten het toepassingsgebied van deze disciplines.",,,,,,conceptscheme:boringtype,,,,,,,conceptscheme:boringtype,"https://navigator.emis.vito.be/detail?woId=70324&woLang=nl&version=(versie%202025-04-17)|https://data.bodemenondergrond.vlaanderen.be/doc/conceptscheme/erkenningstype"
skos:Concept,concept:grondwaterwinningopenbarewatervoorziening,be.vlaanderen.bodemenondergrond.data.id.concept.boringtype.grondwaterwinningopenbarewatervoorziening,,grondwaterwinningopenbarewatervoorziening,Boring i.h.k.v. een grondwaterwinning voor openbare watervoorziening,,concept:grondwaterwinning,,,,,"Boring voor de aanleg van grondwaterwinningsputten en grondwaterwinning voor de openbare watervoorziening. De boring wordt uitgevoerd door een boorbedrijf erkend voor boorwerkzaamheden volgens discipline D2 van de VLAREL-erkenning artikel 6, 7°, a) of valt onder bepaalde boorwerkzaamheden buiten het toepassingsgebied van deze disciplines.",,,,,,conceptscheme:boringtype,,,,,,,conceptscheme:boringtype,"https://navigator.emis.vito.be/detail?woId=70324&woLang=nl&version=(versie%202025-04-17)|https://data.bodemenondergrond.vlaanderen.be/doc/conceptscheme/erkenningstype"
skos:Concept,concept:hydrogeologischonderzoek,be.vlaanderen.bodemenondergrond.data.id.concept.boringtype.hydrogeologischonderzoek,,hydrogeologischonderzoek,Boring voor hydrogeologisch onderzoek,,,,,,,"Boring met als doel 'hydrogeologisch onderzoek' uitgevoerd voor onderzoek naar grondwaterstroming, de chemische eigenschappen van grondwater, en transport van deeltjes, opgeloste stoffen en energie, evenals het management van het duurzame gebruik van grondwaterbronnen.",,,,,,conceptscheme:boringtype,,,,,,,conceptscheme:boringtype,
skos:Concept,concept:verkennendhydrogeologischonderzoek,be.vlaanderen.bodemenondergrond.data.id.concept.boringtype.verkennendhydrogeologischonderzoek,,verkennendhydrogeologischonderzoek,Boring voor verkennend hydrogeologisch onderzoek,,concept:hydrogeologischonderzoek,,,,,"Boring voor verkennend hydrogeologisch onderzoek. De boring wordt uitgevoerd door een boorbedrijf erkend voor boorwerkzaamheden volgens discipline D4 van de VLAREL-erkenning artikel 6, 7°, a) of valt onder bepaalde boorwerkzaamheden buiten het toepassingsgebied van deze disciplines.",,,,,,conceptscheme:boringtype,,,,,,,conceptscheme:boringtype,https://data.bodemenondergrond.vlaanderen.be/doc/conceptscheme/erkenningstype
skos:Concept,concept:pompproef,be.vlaanderen.bodemenondergrond.data.id.concept.boringtype.pompproef,,pompproef,"Boring voor proefpomping, pompproef of bemalingsproef",,concept:hydrogeologischonderzoek,,,,,"Boring voor aanleg van een grondwwaterwinningsput of grondwaterwinning voor proefpomping, pompproef of bemalingsproef gedurende minder dan 3 maanden. De boring wordt uitgevoerd door een boorbedrijf erkend voor boorwerkzaamheden volgens disciplines D1, D2, D3 en D5  van de VLAREL-erkenning artikel 6, 7°, a) en voor boorwerkzaamheden uitgevoerd buiten VLAREL erkende boorbedrijven.",,,,,,conceptscheme:boringtype,,,,,,,conceptscheme:boringtype,"https://navigator.emis.vito.be/detail?woId=70324&woLang=nl&version=(versie%202025-04-17)|https://data.bodemenondergrond.vlaanderen.be/doc/conceptscheme/erkenningstype"
skos:Concept,concept:hydrogeologischonderzoekhistorisch,be.vlaanderen.bodemenondergrond.data.id.concept.boringtype.hydrogeologischonderzoekhistorisch,,hydrogeologischonderzoekhistorisch,Historische hydrogeologische boring,,concept:hydrogeologischonderzoek,,,,,"Boring voor ingave van historisch hydrogeologisch onderzoek.",,,,,,conceptscheme:boringtype,,,,,,,conceptscheme:boringtype,
skos:Concept,concept:infiltratie,be.vlaanderen.bodemenondergrond.data.id.concept.boringtype.infiltratie,,infiltratie,Boring i.h.k.v. een infiltratie,,,,,,,"Boring voor de aanleg van een infiltratie uitgevoerd voor het kunstmatig aanvullen van grondwater door injectie uit diverse bronnen.",,,,,,conceptscheme:boringtype,,,,,,,conceptscheme:boringtype,
skos:Concept,concept:grondwaterwinningkunstmatigaanvullengrondwater,be.vlaanderen.bodemenondergrond.data.id.concept.boringtype.grondwaterwinningkunstmatigaanvullengrondwater,,grondwaterwinningkunstmatigaanvullengrondwater,Boring voor het kunstmatig aanvullen van grondwater,,concept:infiltratie,,,,,"Boring uitgevoerd voor de aanleg van putten voor het direct en kunstmatig aanvullen van grondwater. De boring wordt uitgevoerd door een boorbedrijf erkend voor boorwerkzaamheden volgens discipline D2 van de VLAREL-erkenning artikel 6, 7°, a) of valt onder bepaalde boorwerkzaamheden buiten het toepassingsgebied van deze disciplines.",,,,,,conceptscheme:boringtype,,,,,,,conceptscheme:boringtype,"https://navigator.emis.vito.be/detail?woId=70337&woLang=nl&version=(versie%202025-04-17)|https://data.bodemenondergrond.vlaanderen.be/doc/conceptscheme/erkenningstype"
skos:Concept,concept:kathodischebescherming,be.vlaanderen.bodemenondergrond.data.id.concept.boringtype.kathodischebescherming,,kathodischebescherming,Boring voor kathodische bescherming,,,,,,,"Boring met als doel 'kathodische bescherming'. De boring wordt uitgevoerd door een boorbedrijf erkend voor boorwerkzaamheden volgens discipline D4 van de VLAREL-erkenning artikel 6, 7°, a) of valt onder bepaalde boorwerkzaamheden buiten het toepassingsgebied van deze disciplines.",,,,,,conceptscheme:boringtype,,,,,,,conceptscheme:boringtype,https://data.bodemenondergrond.vlaanderen.be/doc/conceptscheme/erkenningstype
skos:Concept,concept:monitoringvervuildesites,be.vlaanderen.bodemenondergrond.data.id.concept.boringtype.monitoringvervuildesites,,monitoringvervuildesites,Boring voor de monitoring van vervuilde sites,,,,,,,"Boring met als doel 'monitoring van vervuilde sites' uitgevoerd in het kader van een bodemonderzoek en/of in het kader van bodemdecreet regelgeving.",,,,,,conceptscheme:boringtype,,,,,,,conceptscheme:boringtype,https://data.bodemenondergrond.vlaanderen.be/doc/conceptscheme/erkenningstype
skos:Concept,concept:aanlegpeilputverontreiniging,be.vlaanderen.bodemenondergrond.data.id.concept.boringtype.aanlegpeilputverontreiniging,,aanlegpeilputverontreiniging,Boring voor aanleg van een peilput i.h.k.v. bodemdecreet (milieuboring),,concept:monitoringvervuildesites,,,,,"Boring voor de aanleg van een peilput i.h.k.v. een bodemverontreinining.",,,,,,conceptscheme:boringtype,,,,,,,conceptscheme:boringtype,
skos:Concept,concept:bodemverontreiniging,be.vlaanderen.bodemenondergrond.data.id.concept.boringtype.bodemverontreiniging,,bodemverontreiniging,Boring voor verkennend onderzoek naar bodemverontreiniging,Milieuboring,concept:monitoringvervuildesites,,,,,"Boring voor verkennend onderzoek naar bodemverontreiniging in een orienterend bodemonderzoek (OBO), een beschrijvend bodemonderzoek (BBO).",,,,,,conceptscheme:boringtype,,,,,,,conceptscheme:boringtype,
skos:Concept,concept:sanering,be.vlaanderen.bodemenondergrond.data.id.concept.boringtype.sanering,,sanering,Sanering,,,,,,,"Boring met als doel 'sanering' uitgevoerd voor sanering in het algemeen: het verwijderen van vervuiling of verontreiniging uit grondwater, grond en ander gesteente.",,,,,,conceptscheme:boringtype,,,,,,,conceptscheme:boringtype,
skos:Concept,concept:bemalingbodemsanering,be.vlaanderen.bodemenondergrond.data.id.concept.boringtype.bemalingbodemsanering,,bemalingbodemsanering,Bemaling i.h.k.v. bodemsanering - sanering,,concept:sanering,,,,,"Boring voor de aanleg van een bemaling in het kader van sanering in een bodemsaneringsproject (BSP) met het oog om een verontreining niet te laten verspreiden. De boring wordt uitgevoerd door een boorbedrijf erkend voor boorwerkzaamheden volgens discipline D1 van de VLAREL-erkenning artikel 6, 7°, a) of valt onder bepaalde boorwerkzaamheden buiten het toepassingsgebied van deze disciplines.",,,,,,conceptscheme:boringtype,,,,,,,conceptscheme:boringtype,https://data.bodemenondergrond.vlaanderen.be/doc/conceptscheme/erkenningstype
skos:Concept,concept:bemalingbodemsaneringmitigatie,be.vlaanderen.bodemenondergrond.data.id.concept.boringtype.bemalingbodemsaneringmitigatie,,bemalingbodemsaneringmitigatie,Bemaling i.h.k.v. bodemsanering - mitigatie,,concept:sanering,,,,,"Boring voor de aanleg van een bemaling in het kader van mitigatie in een bodemsaneringsproject (BSP) met het oog om te saneneren, bijvoorbeeld via pump and treat methode. De boring wordt uitgevoerd door een boorbedrijf erkend voor boorwerkzaamheden volgens discipline D1 van de VLAREL-erkenning artikel 6, 7°, a) of valt onder bepaalde boorwerkzaamheden buiten het toepassingsgebied van deze disciplines.",,,,,,conceptscheme:boringtype,,,,,,,conceptscheme:boringtype,https://data.bodemenondergrond.vlaanderen.be/doc/conceptscheme/erkenningstype
skos:Concept,concept:grondwateronttrekkingbodemsanering,be.vlaanderen.bodemenondergrond.data.id.concept.boringtype.grondwateronttrekkingbodemsanering,,grondwateronttrekkingbodemsanering,Boring voor grondwateronttrekking incl. drijflaagverwijdering (bodemsanering),,concept:sanering,,,,,"Boring uitgevoerd voor grondwateronttrekking inclusief drijflaagverwijdering in een bodemsaneringsproject (BSP).",,,,,,conceptscheme:boringtype,,,,,,,conceptscheme:boringtype,
skos:Concept,concept:grondwaterherinfiltratiebodemsanering,be.vlaanderen.bodemenondergrond.data.id.concept.boringtype.grondwaterherinfiltratiebodemsanering,,grondwaterherinfiltratiebodemsanering,Boring voor herinfiltratie van opgepompt grondwater (bodemsanering),,concept:sanering,,,,,"Boring uitgevoerd voor herinfiltratie van opgepompt grondwater in een bodemsaneringsproject (BSP).",,,,,,conceptscheme:boringtype,,,,,,,conceptscheme:boringtype,
skos:Concept,concept:bodemsanering,be.vlaanderen.bodemenondergrond.data.id.concept.boringtype.bodemsanering,,bodemsanering,Boring i.h.k.v. bodemsanering,,concept:sanering,,,,,"Boring voor sanering in het kader van een bodemsaneringsproject (BSP).",,,,,,conceptscheme:boringtype,,,,,,,conceptscheme:boringtype,
skos:Concept,concept:grondwaterwinningondergrondsebeluchting,be.vlaanderen.bodemenondergrond.data.id.concept.boringtype.grondwaterwinningondergrondsebeluchting,,grondwaterwinningondergrondsebeluchting,Boring i.h.k.v. een grondwaterwinning met ondergrondse beluchting,,concept:sanering,,,,,"oring voor de aanleg van grondwaterwinningsputten en grondwaterwinning met inbegrip van terugpompingen van belucht grondwater in dezelfde freatische watervoerende laag voor ondergrondse beluchting. De boring wordt uitgevoerd door een boorbedrijf erkend voor boorwerkzaamheden volgens discipline D2 van de VLAREL-erkenning artikel 6, 7°, a) of valt onder bepaalde boorwerkzaamheden buiten het toepassingsgebied van deze disciplines.",,,,,,conceptscheme:boringtype,,,,,,,conceptscheme:boringtype,"https://navigator.emis.vito.be/detail?woId=70324&woLang=nl&version=(versie%202025-04-17)|https://data.bodemenondergrond.vlaanderen.be/doc/conceptscheme/erkenningstype"
skos:Concept,concept:opvullenboorgat,be.vlaanderen.bodemenondergrond.data.id.concept.boringtype.opvullenboorgat,,boringopvullen,Boring voor het opvullen van een boorgat of een grondwaterwinning,,,,,,,"Boring voor het opvullen van een boorgat of een grondwaterwinning.",,,,,,conceptscheme:boringtype,,,,,,,conceptscheme:boringtype,
